,bachat,current_price,link,name,original_price,title
0,45% off,₹549,/shivay-creation-men-solid-casual-white-shirt/p/itmf8bcu2ygdxydt?pid=SHTF8B6UYSZEGN2C&lid=LSTSHTF8B6UYSZEGN2CKKA5PB&marketplace=FLIPKART&srno=s_1_1&otracker=search&otracker1=search&fm=organic&iid=en_EXYpW3wCkt15bS6k%2Bren6wLVQmDyI3O95zQPzHtDrxUF020ay6VoPFbT9JFh9ESr1IPc2BA2HF79pX6qtST0OQ%3D%3D&ssid=3eaqw5qhdc0000001580561283796&qH=514ca2b2d46ccf67,shivay creation,₹999,Men Solid Casual Spread Shirt
1,51% off,₹587,/5th-anfold-men-solid-formal-dark-blue-shirt/p/itmf6sxywydkyd5f?pid=SHTEYDDQ4HYMFCPG&lid=LSTSHTEYDDQ4HYMFCPGIMDAZJ&marketplace=FLIPKART&srno=s_1_2&otracker=search&otracker1=search&fm=organic&iid=en_EXYpW3wCkt15bS6k%2Bren6wLVQmDyI3O95zQPzHtDrxU4K3R3n9Yi%2BuxTJi6cxYDTB0UWdpXMIqS0vVc4ASJGEg%3D%3D&ssid=3eaqw5qhdc0000001580561283796&qH=514ca2b2d46ccf67,5th Anfold,"₹1,199",Men Solid Formal Slim Shirt
2,40% off,₹599,/shopybucket-men-solid-party-black-white-shirt/p/itmf7aymrw3nakhy?pid=SHTF7ANNSDX6FFUA&lid=LSTSHTF7ANNSDX6FFUAMXV7SM&marketplace=FLIPKART&srno=s_1_3&otracker=search&otracker1=search&fm=organic&iid=52ce7b1e-ab61-42a9-91fb-7f63381664cd.SHTF7ANNSDX6FFUA.SEARCH&ssid=3eaqw5qhdc0000001580561283796&qH=514ca2b2d46ccf67,ShopyBucket,₹999,Men Solid Party Shirt
3,62% off,₹566,/fubar-men-striped-party-maroon-shirt/p/itmfd6vhj94hzgbk?pid=SHTFD6STM98YVN3S&lid=LSTSHTFD6STM98YVN3S0NMWQB&marketplace=FLIPKART&srno=s_1_4&otracker=search&otracker1=search&fm=organic&iid=eac19e38-be77-4123-87e4-8cce931c9fb7.SHTFD6STM98YVN3S.SEARCH&ssid=3eaqw5qhdc0000001580561283796&qH=514ca2b2d46ccf67,FUBAR,"₹1,499",Men Striped Party Mandarin Shirt
4,62% off,₹566,/fubar-men-striped-party-light-green-shirt/p/itmfd6vhm8jahb8s?pid=SHTFD6ST9J3DPYYR&lid=LSTSHTFD6ST9J3DPYYRAQIX30&marketplace=FLIPKART&srno=s_1_5&otracker=search&otracker1=search&fm=organic&iid=3928baca-0c6a-496e-860f-62d5d90fe352.SHTFD6ST9J3DPYYR.SEARCH&ssid=3eaqw5qhdc0000001580561283796&qH=514ca2b2d46ccf67,FUBAR,"₹1,499",Men Striped Party Mandarin Shirt
5,54% off,₹459,/try-men-solid-casual-black-shirt/p/itmfbvfgmxnuwqrh?pid=SHTFBTYF6C7HXA7N&lid=LSTSHTFBTYF6C7HXA7NPVDQQA&marketplace=FLIPKART&srno=s_1_6&otracker=search&otracker1=search&fm=organic&iid=2d1b882f-1a1b-49e8-b9ee-be5327186ab8.SHTFBTYF6C7HXA7N.SEARCH&ssid=3eaqw5qhdc0000001580561283796&qH=514ca2b2d46ccf67,Try This,₹999,Men Solid Casual Shirt
6,59% off,₹440,/base-41-men-military-camouflage-casual-multicolor-shirt/p/itmfeqpq5m4q5tn7?pid=SHTFEN8GFVGHJZUE&lid=LSTSHTFEN8GFVGHJZUECE6GPJ&marketplace=FLIPKART&srno=s_1_7&otracker=search&otracker1=search&fm=organic&iid=e92c5afa-5257-4382-9e11-cf2564b94c9c.SHTFEN8GFVGHJZUE.SEARCH&ssid=3eaqw5qhdc0000001580561283796&qH=514ca2b2d46ccf67,BASE 41,"₹1,099",Men Military Camouflage Casual Spread Shirt
7,40% off,₹599,/n-t-fashion-men-solid-casual-gold-shirt/p/itmf3x95yeskmnjh?pid=SHTF26GUWGGG9GYG&lid=LSTSHTF26GUWGGG9GYGI7ZKE3&marketplace=FLIPKART&srno=s_1_8&otracker=search&otracker1=search&fm=organic&iid=60f0989c-c7e7-403a-b51f-9ab802382888.SHTF26GUWGGG9GYG.SEARCH&ssid=3eaqw5qhdc0000001580561283796&qH=514ca2b2d46ccf67,n t fashion,₹999,Men Solid Casual Cut Away Shirt
8,50% off,₹499,/try-men-solid-casual-black-shirt/p/itmfbrxhcrzwukfb?pid=SHTFBQTF49GGHP5F&lid=LSTSHTFBQTF49GGHP5FWL7TYB&marketplace=FLIPKART&srno=s_1_9&otracker=search&otracker1=search&fm=organic&iid=95c0951d-26dc-4451-bc44-06aa82b600d4.SHTFBQTF49GGHP5F.SEARCH&ssid=3eaqw5qhdc0000001580561283796&qH=514ca2b2d46ccf67,Try This,₹999,Men Solid Casual Shirt
9,71% off,₹547,/vero-lie-men-striped-casual-white-shirt/p/itm59e90221096dd?pid=SHTFKBYQH6HYCZHW&lid=LSTSHTFKBYQH6HYCZHWVPSXOI&marketplace=FLIPKART&srno=s_1_10&otracker=search&otracker1=search&fm=organic&iid=dea063cf-5ef2-4f17-8c01-bff52c612bb1.SHTFKBYQH6HYCZHW.SEARCH&ssid=3eaqw5qhdc0000001580561283796&qH=514ca2b2d46ccf67,VERO LIE,"₹1,888",Men Striped Casual Spread Shirt
10,40% off,₹599,/shopybucket-men-solid-party-blue-shirt/p/itmf7am7wvw9eg5h?pid=SHTF79QZBUNKE4QZ&lid=LSTSHTF79QZBUNKE4QZLM6NOA&marketplace=FLIPKART&srno=s_1_11&otracker=search&otracker1=search&fm=organic&iid=04f71025-4617-42c5-80bb-0628bc3bc6c0.SHTF79QZBUNKE4QZ.SEARCH&ssid=3eaqw5qhdc0000001580561283796&qH=514ca2b2d46ccf67,ShopyBucket,₹999,Men Solid Party Ribbed Collar Shirt
11,72% off,₹432,/base-41-men-checkered-casual-yellow-shirt/p/itmfg349njtpnztz?pid=SHTFGFAHDB3ZYHWJ&lid=LSTSHTFGFAHDB3ZYHWJTUN6IE&marketplace=FLIPKART&srno=s_1_12&otracker=search&otracker1=search&fm=organic&iid=cf2f243a-daf8-439f-bfd8-edbb2c6968b8.SHTFGFAHDB3ZYHWJ.SEARCH&ssid=3eaqw5qhdc0000001580561283796&qH=514ca2b2d46ccf67,BASE 41,"₹1,599",Men Checkered Casual Spread Shirt
12,79% off,₹398,/u-turn-men-solid-casual-blue-shirt/p/itmfa9g6vhrrpxku?pid=SHTFA9F6ZATJR3Y8&lid=LSTSHTFA9F6ZATJR3Y8GR4OPR&marketplace=FLIPKART&srno=s_1_13&otracker=search&otracker1=search&fm=organic&iid=4027a479-e4fc-472c-b5bc-8f49d171f4d0.SHTFA9F6ZATJR3Y8.SEARCH&ssid=3eaqw5qhdc0000001580561283796&qH=514ca2b2d46ccf67,U TURN,"₹1,899",Men Solid Casual Mandarin Shirt
13,47% off,"₹1,049",/ducati-men-solid-casual-blue-shirt/p/itmf7g3nhastsefd?pid=SHTF7G3NZCZATWGP&lid=LSTSHTF7G3NZCZATWGP77LMBY&marketplace=FLIPKART&srno=s_1_14&otracker=search&otracker1=search&fm=organic&iid=en_EXYpW3wCkt15bS6k%2Bren6wLVQmDyI3O95zQPzHtDrxWA%2BN0be03wWyWHtWl%2BDcg%2FXUoTG9weQSIxut%2BUcUxHYQ%3D%3D&ssid=3eaqw5qhdc0000001580561283796&qH=514ca2b2d46ccf67,Ducati,"₹1,999",Men Solid Casual Shirt
14,80% off,₹373,/u-turn-men-solid-casual-white-shirt/p/itmfa9g6sfmztjmu?pid=SHTFA9F6HBGGGG8U&lid=LSTSHTFA9F6HBGGGG8UGOXVOB&marketplace=FLIPKART&srno=s_1_15&otracker=search&otracker1=search&fm=organic&iid=e24df784-6a0a-48ee-991a-a23f8c428aeb.SHTFA9F6HBGGGG8U.SEARCH&ssid=3eaqw5qhdc0000001580561283796&qH=514ca2b2d46ccf67,U TURN,"₹1,899",Men Solid Casual Mandarin Shirt
15,67% off,₹448,/fabtag-being-fab-men-solid-formal-blue-shirt/p/itmf3x6kzxgwcchz?pid=SHTEHPFZHGMPHCBD&lid=LSTSHTEHPFZHGMPHCBDZRWMMA&marketplace=FLIPKART&srno=s_1_16&otracker=search&otracker1=search&fm=organic&iid=979e3e2a-178c-4faa-be26-72522f22c0ba.SHTEHPFZHGMPHCBD.SEARCH&ssid=3eaqw5qhdc0000001580561283796&qH=514ca2b2d46ccf67,FabTag - Being Fab,"₹1,390",Men Solid Formal Rugby Collar Shirt
16,73% off,₹398,/jai-textiles-men-solid-casual-black-shirt/p/itmfa8sygtmwhqth?pid=SHTFA82ZG5GJBHMX&lid=LSTSHTFA82ZG5GJBHMX7CCSM3&marketplace=FLIPKART&srno=s_1_17&otracker=search&otracker1=search&fm=organic&iid=d8039f7d-21cc-44bf-8969-5f2a8a8b9147.SHTFA82ZG5GJBHMX.SEARCH&ssid=3eaqw5qhdc0000001580561283796&qH=514ca2b2d46ccf67,Jai Textiles,"₹1,499",Men Solid Casual Spread Shirt
17,62% off,₹566,/fubar-men-striped-party-orange-shirt/p/itmfd6vhxemfkkvr?pid=SHTFD6SUS3CUR8SA&lid=LSTSHTFD6SUS3CUR8SASSZM88&marketplace=FLIPKART&srno=s_1_18&otracker=search&otracker1=search&fm=organic&iid=b2110d3f-83d6-49e9-a9a0-4ad76fba5fa3.SHTFD6SUS3CUR8SA.SEARCH&ssid=3eaqw5qhdc0000001580561283796&qH=514ca2b2d46ccf67,FUBAR,"₹1,499",Men Striped Party Mandarin Shirt
18,50% off,₹499,/highlander-men-checkered-casual-black-grey-shirt/p/itmf3x3dq5nqfprx?pid=SHTEVS4MFT47GMNV&lid=LSTSHTEVS4MFT47GMNVL56DXW&marketplace=FLIPKART&srno=s_1_19&otracker=search&otracker1=search&fm=organic&iid=cba18cdd-6dd4-4425-8497-69864c89ce16.SHTEVS4MFT47GMNV.SEARCH&ssid=3eaqw5qhdc0000001580561283796&qH=514ca2b2d46ccf67,Highlander,₹999,Men Checkered Casual Button Down Shirt
19,67% off,₹461,/metronaut-men-striped-casual-dark-blue-shirt/p/itmfhffhtnc9hcrg?pid=SHTFHFFHZJYPFBGJ&lid=LSTSHTFHFFHZJYPFBGJE8NBTR&marketplace=FLIPKART&srno=s_1_20&otracker=search&otracker1=search&fm=organic&iid=en_EXYpW3wCkt15bS6k%2Bren6wLVQmDyI3O95zQPzHtDrxVPL%2F8b5OUB894QsMI%2FvL7IWCt%2FpqXf86zewMS2RISWmQ%3D%3D&ssid=3eaqw5qhdc0000001580561283796&qH=514ca2b2d46ccf67,Metronaut,"₹1,399",Men Striped Casual Shirt
20,43% off,₹569,/highlander-men-checkered-casual-multicolor-shirt/p/itmfekrxehcz8ufp?pid=SHTEZG795B8HC7BQ&lid=LSTSHTEZG795B8HC7BQEPVN0O&marketplace=FLIPKART&srno=s_1_21&otracker=search&otracker1=search&fm=organic&iid=28c315bf-5ac0-4ab8-a9a4-001451fad555.SHTEZG795B8HC7BQ.SEARCH&ssid=3eaqw5qhdc0000001580561283796&qH=514ca2b2d46ccf67,Highlander,₹999,Men Checkered Casual Spread Shirt
21,62% off,₹569,/gritstones-men-striped-casual-white-black-shirt/p/itmb2c03c241f7bf?pid=SHTFHFZDQRPWFCGZ&lid=LSTSHTFHFZDQRPWFCGZ8F9CN6&marketplace=FLIPKART&srno=s_1_22&otracker=search&otracker1=search&fm=organic&iid=7c043194-d56a-4785-b33f-14de5517767b.SHTFHFZDQRPWFCGZ.SEARCH&ssid=3eaqw5qhdc0000001580561283796&qH=514ca2b2d46ccf67,Gritstones,"₹1,499",Men Striped Casual Spread Shirt
22,40% off,₹599,/highlander-men-solid-casual-grey-shirt/p/itmf3x9y4zawkezj?pid=SHTERN3WBZJE5GHQ&lid=LSTSHTERN3WBZJE5GHQWSNL8U&marketplace=FLIPKART&srno=s_1_23&otracker=search&otracker1=search&fm=organic&iid=b68a357e-adab-4a5c-bc64-107353fac80c.SHTERN3WBZJE5GHQ.SEARCH&ssid=3eaqw5qhdc0000001580561283796&qH=514ca2b2d46ccf67,Highlander,₹999,Men Solid Casual Slim Shirt
23,57% off,₹599,/metronaut-men-self-design-formal-grey-shirt/p/itmfh579c3nzuqwg?pid=SHTFH579N6R3JZ9Q&lid=LSTSHTFH579N6R3JZ9QPXDPK5&marketplace=FLIPKART&srno=s_1_24&otracker=search&otracker1=search&fm=organic&iid=en_EXYpW3wCkt15bS6k%2Bren6wLVQmDyI3O95zQPzHtDrxWge8nVxvtnuF5J6wSxyrWzH25fRwnjsdOdEjdeUuaWVA%3D%3D&ssid=3eaqw5qhdc0000001580561283796&qH=514ca2b2d46ccf67,Metronaut,"₹1,399",Men Self Design Formal Shirt
24,55% off,₹399,/gespo-men-solid-casual-white-shirt/p/itmfa8buyfqkmxth?pid=SHTFA8AJEDJM5TNG&lid=LSTSHTFA8AJEDJM5TNGRQ784V&marketplace=FLIPKART&srno=s_1_25&otracker=search&otracker1=search&fm=organic&iid=72b65909-1cc4-4059-9374-ac1acfdae843.SHTFA8AJEDJM5TNG.SEARCH&ssid=3eaqw5qhdc0000001580561283796&qH=514ca2b2d46ccf67,GESPO,₹899,Men Solid Casual Shirt
25,64% off,₹426,/gritstones-men-self-design-casual-pink-shirt/p/itmfdyvggszggrzf?pid=SHTFDYGBJSYW4WBY&lid=LSTSHTFDYGBJSYW4WBYGY86UH&marketplace=FLIPKART&srno=s_1_26&otracker=search&otracker1=search&fm=organic&iid=00f78253-a737-4f0c-86df-5ce9f4ce11b1.SHTFDYGBJSYW4WBY.SEARCH&ssid=3eaqw5qhdc0000001580561283796&qH=514ca2b2d46ccf67,Gritstones,"₹1,199",Men Self Design Casual Mandarin Shirt
26,62% off,₹379,/fabtag-deeksha-men-solid-casual-blue-shirt/p/itmf4sr8sfwpgzhn?pid=SHTF4SHAHPTYGEP2&lid=LSTSHTF4SHAHPTYGEP21NFZW9&marketplace=FLIPKART&srno=s_1_27&otracker=search&otracker1=search&fm=organic&iid=cbbead53-cb86-470f-8036-1e9c51d7dd08.SHTF4SHAHPTYGEP2.SEARCH&ssid=3eaqw5qhdc0000001580561283796&qH=514ca2b2d46ccf67,FabTag - Deeksha,₹999,Men Solid Casual Button Down Shirt
27,55% off,₹399,/gespo-men-solid-casual-black-shirt/p/itm7940ed870e59f?pid=SHTFNSFBNP4U8G9J&lid=LSTSHTFNSFBNP4U8G9JT6RHR6&marketplace=FLIPKART&srno=s_1_28&otracker=search&otracker1=search&fm=organic&iid=36daa7c1-2f4d-4fdc-9ad2-8515d2f754af.SHTFNSFBNP4U8G9J.SEARCH&ssid=3eaqw5qhdc0000001580561283796&qH=514ca2b2d46ccf67,GESPO,₹899,Men Solid Casual Shirt
28,81% off,₹355,/tap-men-color-block-casual-black-shirt/p/itm4d1090643edda?pid=SHTFJNYFGPC9RPTJ&lid=LSTSHTFJNYFGPC9RPTJNSPEPD&marketplace=FLIPKART&srno=s_1_29&otracker=search&otracker1=search&fm=organic&iid=aca62a76-a485-49a5-921b-2823ec0fc084.SHTFJNYFGPC9RPTJ.SEARCH&ssid=3eaqw5qhdc0000001580561283796&qH=514ca2b2d46ccf67,Tap in,"₹1,895",Men Color Block Casual Mandarin Shirt
29,67% off,₹461,/metronaut-men-solid-formal-maroon-shirt/p/itmfh579nzsbehx8?pid=SHTFH579YCVFXX3R&lid=LSTSHTFH579YCVFXX3RYLOYS3&marketplace=FLIPKART&srno=s_1_30&otracker=search&otracker1=search&fm=organic&iid=en_EXYpW3wCkt15bS6k%2Bren6wLVQmDyI3O95zQPzHtDrxXkKXHGA6MijYybVjnA%2F0c%2BfTD6IrqPtkTAgWhKHIsqsQ%3D%3D&ssid=3eaqw5qhdc0000001580561283796&qH=514ca2b2d46ccf67,Metronaut,"₹1,399",Men Solid Formal Spread Shirt
30,41% off,₹294,/oglivay-men-striped-casual-black-white-shirt/p/itm62754cd529b44?pid=SHTFKVXG5XXTJGGQ&lid=LSTSHTFKVXG5XXTJGGQDFB6HF&marketplace=FLIPKART&srno=s_1_31&otracker=search&otracker1=search&fm=organic&iid=0c7e7bf9-f1c1-4bcc-8b4a-0a10534f4031.SHTFKVXG5XXTJGGQ.SEARCH&ssid=3eaqw5qhdc0000001580561283796&qH=514ca2b2d46ccf67,Oglivay,₹499,Men Striped Casual Spread Shirt
31,50% off,₹949,/peter-england-men-solid-formal-black-maroon-shirt/p/itmf43eb01729073?pid=SHTFJFUJCPNRHV3H&lid=LSTSHTFJFUJCPNRHV3HWGW1PZ&marketplace=FLIPKART&srno=s_1_32&otracker=search&otracker1=search&fm=organic&iid=32a7ad36-ec44-4026-83e9-9c0bc7aae564.SHTFJFUJCPNRHV3H.SEARCH&ssid=3eaqw5qhdc0000001580561283796&qH=514ca2b2d46ccf67,Peter England,"₹1,899",Men Solid Formal Shirt
32,60% off,₹499,/highlander-men-checkered-casual-multicolor-shirt/p/itmfekrxkdmrtgmv?pid=SHTF3ZMVHZCMSXDN&lid=LSTSHTF3ZMVHZCMSXDNWEYSTY&marketplace=FLIPKART&srno=s_1_33&otracker=search&otracker1=search&fm=organic&iid=67850e46-e977-4f06-8efb-e135467f9631.SHTF3ZMVHZCMSXDN.SEARCH&ssid=3eaqw5qhdc0000001580561283796&qH=514ca2b2d46ccf67,Highlander,"₹1,249",Men Checkered Casual Spread Shirt
33,67% off,₹428,/metronaut-men-striped-formal-black-shirt/p/itmfh5b4tykx64yz?pid=SHTFH5GKNEQVU54G&lid=LSTSHTFH5GKNEQVU54GWHTQZT&marketplace=FLIPKART&srno=s_1_34&otracker=search&otracker1=search&fm=organic&iid=en_EXYpW3wCkt15bS6k%2Bren6wLVQmDyI3O95zQPzHtDrxWMbTgnYhRKyIlLQUzSsx1riRQJ1FT3stjZUi6kCrLraA%3D%3D&ssid=3eaqw5qhdc0000001580561283796&qH=514ca2b2d46ccf67,Metronaut,"₹1,299",Men Striped Formal Spread Shirt
34,54% off,₹459,/try-men-solid-casual-blue-shirt/p/itm6bebf054d1e0f?pid=SHTFGT6JYPGUBYHR&lid=LSTSHTFGT6JYPGUBYHRJQZ2IZ&marketplace=FLIPKART&srno=s_1_35&otracker=search&otracker1=search&fm=organic&iid=7be08896-13b3-48e1-bcc3-bd3e43791e19.SHTFGT6JYPGUBYHR.SEARCH&ssid=3eaqw5qhdc0000001580561283796&qH=514ca2b2d46ccf67,Try This,₹999,Men Solid Casual Button Down Shirt
35,53% off,₹469,/highlander-men-solid-casual-white-shirt/p/itmeh5hscgmqgdpf?pid=SHTEH5HSWYGGCKQ3&lid=LSTSHTEH5HSWYGGCKQ3PKUVHX&marketplace=FLIPKART&srno=s_1_36&otracker=search&otracker1=search&fm=organic&iid=640ae9d6-2740-450b-9993-63748325cd21.SHTEH5HSWYGGCKQ3.SEARCH&ssid=3eaqw5qhdc0000001580561283796&qH=514ca2b2d46ccf67,Highlander,₹999,Men Solid Casual Mandarin Shirt
36,77% off,₹493,/duenite-men-floral-print-casual-maroon-shirt/p/itm7d89a4f18d8ee?pid=SHTFNV494EGRZXCT&lid=LSTSHTFNV494EGRZXCTJ8A5IX&marketplace=FLIPKART&srno=s_1_37&otracker=search&otracker1=search&fm=organic&iid=ef188f5e-babc-46f4-b638-5c0738b13460.SHTFNV494EGRZXCT.SEARCH&ssid=3eaqw5qhdc0000001580561283796&qH=514ca2b2d46ccf67,Duenite,"₹2,222",Men Floral Print Casual Shirt
37,50% off,₹499,/highlander-men-checkered-casual-multicolor-shirt/p/itmf3x75fb8whdpm?pid=SHTES9Q9JHZT4AHX&lid=LSTSHTES9Q9JHZT4AHXLWD78N&marketplace=FLIPKART&srno=s_1_38&otracker=search&otracker1=search&fm=organic&iid=1b10e9cc-509f-464a-817e-fb2be5e9f046.SHTES9Q9JHZT4AHX.SEARCH&ssid=3eaqw5qhdc0000001580561283796&qH=514ca2b2d46ccf67,Highlander,₹999,Men Checkered Casual Slim Shirt
38,62% off,₹449,/gritstones-men-self-design-casual-blue-shirt/p/itmfdyvgmf46esnp?pid=SHTFDYGBQQZUZAPS&lid=LSTSHTFDYGBQQZUZAPSANRM5K&marketplace=FLIPKART&srno=s_1_39&otracker=search&otracker1=search&fm=organic&iid=e682bba6-0d2e-4e24-8561-145ae9e59cfa.SHTFDYGBQQZUZAPS.SEARCH&ssid=3eaqw5qhdc0000001580561283796&qH=514ca2b2d46ccf67,Gritstones,"₹1,199",Men Self Design Casual Mandarin Shirt
39,57% off,₹558,/metronaut-men-solid-formal-white-shirt/p/itmfdpvpyfas6tk9?pid=SHTFDPVPZXEZ6EZU&lid=LSTSHTFDPVPZXEZ6EZULWXUTO&marketplace=FLIPKART&srno=s_1_40&otracker=search&otracker1=search&fm=organic&iid=en_EXYpW3wCkt15bS6k%2Bren6wLVQmDyI3O95zQPzHtDrxWt2OaSOLUhT%2FtBaN6dEiRqg%2FzEWgCb6iPsyqWI7MSCeQ%3D%3D&ssid=3eaqw5qhdc0000001580561283796&qH=514ca2b2d46ccf67,Metronaut,"₹1,299",Men Solid Formal Spread Shirt
40,55% off,₹449,/highlander-men-solid-casual-blue-shirt/p/itmfekrxrhy8e4b2?pid=SHTEWZH8VTDZJRZA&lid=LSTSHTEWZH8VTDZJRZAMG6CZD&marketplace=FLIPKART&srno=s_2_41&otracker=search&otracker1=search&fm=organic&iid=074bcbbf-37f7-4432-9422-4b82fb2f491d.SHTEWZH8VTDZJRZA.SEARCH&ssid=o07k1nxtcw0000001580561285941&qH=514ca2b2d46ccf67,Highlander,₹999,Men Solid Casual Shirt
41,60% off,₹799,/ducati-men-solid-casual-white-shirt/p/itmf7g3nvznd8yag?pid=SHTF7G3N2JYRFG6C&lid=LSTSHTF7G3N2JYRFG6CCHAKS8&marketplace=FLIPKART&srno=s_2_42&otracker=search&otracker1=search&fm=organic&iid=931e4bdd-0ac5-490f-8346-f67c247e957b.SHTF7G3N2JYRFG6C.SEARCH&ssid=o07k1nxtcw0000001580561285941&qH=514ca2b2d46ccf67,Ducati,"₹1,999",Men Solid Casual Shirt
42,81% off,₹355,/tap-men-color-block-casual-maroon-shirt/p/itm2e1cd0fdfcc84?pid=SHTFJNYFQGMFUHBT&lid=LSTSHTFJNYFQGMFUHBTDHTZZG&marketplace=FLIPKART&srno=s_2_43&otracker=search&otracker1=search&fm=organic&iid=0e75a9f5-4e94-4f34-886d-970dc9b5bee6.SHTFJNYFQGMFUHBT.SEARCH&ssid=o07k1nxtcw0000001580561285941&qH=514ca2b2d46ccf67,Tap in,"₹1,895",Men Color Block Casual Mandarin Shirt
43,45% off,₹549,/shivay-creation-men-solid-casual-white-shirt/p/itmf8bcu2ygdxydt?pid=SHTF8B6UYSZEGN2C&lid=LSTSHTF8B6UYSZEGN2CKKA5PB&marketplace=FLIPKART&srno=s_2_44&otracker=search&otracker1=search&fm=organic&iid=en_i%2B%2F9U3%2B3u1KAFbZM%2FfCvkJnC6WPDsA2z3Vr6njjz6cDzX3U%2B7uq%2BQG0Kc4wUnpwI1IPc2BA2HF79pX6qtST0OQ%3D%3D&ssid=o07k1nxtcw0000001580561285941&qH=514ca2b2d46ccf67,shivay creation,₹999,Men Solid Casual Spread Shirt
44,65% off,₹450,/gritstones-men-striped-casual-white-black-shirt/p/itmfhmtzqmhgpwbf?pid=SHTFHHHJ4BJN8WZY&lid=LSTSHTFHHHJ4BJN8WZY0S7GDQ&marketplace=FLIPKART&srno=s_2_45&otracker=search&otracker1=search&fm=organic&iid=a5fcfcb9-c2b4-4eae-bc91-42ff6ab6e574.SHTFHHHJ4BJN8WZY.SEARCH&ssid=o07k1nxtcw0000001580561285941&qH=514ca2b2d46ccf67,Gritstones,"₹1,299",Men Striped Casual Spread Shirt
45,48% off,₹519,/highlander-men-solid-casual-dark-blue-shirt/p/itmfdfd73d7k6t7n?pid=SHTEH5HTZPDF445T&lid=LSTSHTEH5HTZPDF445TJTCBZT&marketplace=FLIPKART&srno=s_2_46&otracker=search&otracker1=search&fm=organic&iid=61c6843f-f374-48b4-8812-840aca41645b.SHTEH5HTZPDF445T.SEARCH&ssid=o07k1nxtcw0000001580561285941&qH=514ca2b2d46ccf67,Highlander,₹999,Men Solid Casual Spread Shirt
46,73% off,₹424,/ghpc-men-solid-casual-white-shirt/p/itmf96e9rg6svhta?pid=SHTF96BF2MWWBCAG&lid=LSTSHTF96BF2MWWBCAGNFGVP5&marketplace=FLIPKART&srno=s_2_47&otracker=search&otracker1=search&fm=organic&iid=c78a7326-631a-4049-93df-e42e6a415552.SHTF96BF2MWWBCAG.SEARCH&ssid=o07k1nxtcw0000001580561285941&qH=514ca2b2d46ccf67,GHPC,"₹1,599",Men Solid Casual Mandarin Shirt
47,43% off,₹569,/highlander-men-checkered-casual-multicolor-shirt/p/itmfekrxwhdfwkyz?pid=SHTFYZZRSJJBCSMU&lid=LSTSHTFYZZRSJJBCSMUN9HGRI&marketplace=FLIPKART&srno=s_2_48&otracker=search&otracker1=search&fm=organic&iid=b5281029-18e9-4a93-8ca7-97cf960138d2.SHTFYZZRSJJBCSMU.SEARCH&ssid=o07k1nxtcw0000001580561285941&qH=514ca2b2d46ccf67,Highlander,₹999,Men Checkered Casual Shirt
48,79% off,₹398,/u-turn-men-solid-casual-light-blue-shirt/p/itmfa9g6ce3nqztf?pid=SHTFA9F66BBNZXHY&lid=LSTSHTFA9F66BBNZXHYDJABQU&marketplace=FLIPKART&srno=s_2_49&otracker=search&otracker1=search&fm=organic&iid=b5483193-4bf9-4eec-bc21-e03a2d06fec0.SHTFA9F66BBNZXHY.SEARCH&ssid=o07k1nxtcw0000001580561285941&qH=514ca2b2d46ccf67,U TURN,"₹1,899",Men Solid Casual Mandarin Shirt
49,51% off,₹587,/5th-anfold-men-solid-formal-dark-blue-shirt/p/itmf6sxywydkyd5f?pid=SHTEYDDQ4HYMFCPG&lid=LSTSHTEYDDQ4HYMFCPGIMDAZJ&marketplace=FLIPKART&srno=s_2_50&otracker=search&otracker1=search&fm=organic&iid=en_i%2B%2F9U3%2B3u1KAFbZM%2FfCvkJnC6WPDsA2z3Vr6njjz6cB0WljSThtx22%2BmRIa3BOqmB0UWdpXMIqS0vVc4ASJGEg%3D%3D&ssid=o07k1nxtcw0000001580561285941&qH=514ca2b2d46ccf67,5th Anfold,"₹1,199",Men Solid Formal Slim Shirt
50,67% off,₹521,/cobio-man-men-striped-casual-white-shirt/p/itmbdbdae787dc49?pid=SHTFKBF4HBJFSUC7&lid=LSTSHTFKBF4HBJFSUC75RAQNX&marketplace=FLIPKART&srno=s_2_51&otracker=search&otracker1=search&fm=organic&iid=f41fb315-0501-4fa9-a764-c30a755e71ea.SHTFKBF4HBJFSUC7.SEARCH&ssid=o07k1nxtcw0000001580561285941&qH=514ca2b2d46ccf67,COBIO MAN,"₹1,599",Men Striped Casual Mandarin Shirt
51,63% off,₹540,/gritstones-men-printed-casual-white-shirt/p/itm1704c45a32869?pid=SHTFH2CY2GCVZHQ9&lid=LSTSHTFH2CY2GCVZHQ9LKWBJG&marketplace=FLIPKART&srno=s_2_52&otracker=search&otracker1=search&fm=organic&iid=4174cf95-5efd-4e75-a568-7d3b5d8f2527.SHTFH2CY2GCVZHQ9.SEARCH&ssid=o07k1nxtcw0000001580561285941&qH=514ca2b2d46ccf67,Gritstones,"₹1,499",Men Printed Casual Button Down Shirt
52,54% off,₹459,/try-men-solid-casual-maroon-shirt/p/itm82177314e5138?pid=SHTFGSUPYZSAHZWG&lid=LSTSHTFGSUPYZSAHZWGWHN2GU&marketplace=FLIPKART&spotlightTagId=TrendingId_2oq&srno=s_2_53&otracker=search&otracker1=search&fm=organic&iid=d7e4d4f6-52d0-408e-9e10-530a73a45545.SHTFGSUPYZSAHZWG.SEARCH&ssid=o07k1nxtcw0000001580561285941&qH=514ca2b2d46ccf67,Try This,₹999,Men Solid Casual Button Down Shirt
53,47% off,"₹1,049",/ducati-men-solid-casual-blue-shirt/p/itmf7g3nhastsefd?pid=SHTF7G3NZCZATWGP&lid=LSTSHTF7G3NZCZATWGP77LMBY&marketplace=FLIPKART&srno=s_2_54&otracker=search&otracker1=search&fm=organic&iid=en_i%2B%2F9U3%2B3u1KAFbZM%2FfCvkJnC6WPDsA2z3Vr6njjz6cD%2FtzHY9s6HXFqW1XoCy8VYXUoTG9weQSIxut%2BUcUxHYQ%3D%3D&ssid=o07k1nxtcw0000001580561285941&qH=514ca2b2d46ccf67,Ducati,"₹1,999",Men Solid Casual Shirt
54,50% off,₹949,/peter-england-men-solid-formal-black-maroon-shirt/p/itmf43eb01729073?pid=SHTFJFUJCPNRHV3H&lid=LSTSHTFJFUJCPNRHV3HWGW1PZ&marketplace=FLIPKART&srno=s_2_55&otracker=search&otracker1=search&fm=organic&iid=b6e7ab96-9db0-4b48-86a0-fb4ce40542d1.SHTFJFUJCPNRHV3H.SEARCH&ssid=o07k1nxtcw0000001580561285941&qH=514ca2b2d46ccf67,Peter England,"₹1,899",Men Solid Formal Shirt
55,56% off,₹571,/highlander-men-checkered-casual-multicolor-shirt/p/itmf8q2yzfmebwng?pid=SHTF8Q2YRWUAPYXV&lid=LSTSHTF8Q2YRWUAPYXVHG4PKE&marketplace=FLIPKART&srno=s_2_56&otracker=search&otracker1=search&fm=organic&iid=b6261624-1692-4e18-b85e-dcf5bad03fbc.SHTF8Q2YRWUAPYXV.SEARCH&ssid=o07k1nxtcw0000001580561285941&qH=514ca2b2d46ccf67,Highlander,"₹1,299",Men Checkered Casual Spread Shirt
56,57% off,₹558,/urbano-fashion-men-solid-casual-yellow-shirt/p/itmfa8w9sxymjveb?pid=SHTFA85XZ3B2B2UD&lid=LSTSHTFA85XZ3B2B2UDQ870MF&marketplace=FLIPKART&srno=s_2_57&otracker=search&otracker1=search&fm=organic&iid=8b5a15ea-4691-4e35-a124-eecd67820746.SHTFA85XZ3B2B2UD.SEARCH&ssid=o07k1nxtcw0000001580561285941&qH=514ca2b2d46ccf67,Urbano Fashion,"₹1,299",Men Solid Casual Mandarin Shirt
57,60% off,₹399,/sona-fashions-men-solid-casual-blue-shirt/p/itmc28fc44cc738f?pid=SHTFHFHK3VTKBN3Y&lid=LSTSHTFHFHK3VTKBN3Y1CTL0H&marketplace=FLIPKART&srno=s_2_58&otracker=search&otracker1=search&fm=organic&iid=054776ab-d274-411f-b53d-463dfe94b717.SHTFHFHK3VTKBN3Y.SEARCH&ssid=o07k1nxtcw0000001580561285941&qH=514ca2b2d46ccf67,Sona Fashions,₹999,Men Solid Casual Slim Shirt
58,48% off,₹519,/highlander-men-solid-casual-green-shirt/p/itmfdfd8kzrsw5mx?pid=SHTF2FKHC9XZNNQZ&lid=LSTSHTF2FKHC9XZNNQZZNR1ZV&marketplace=FLIPKART&srno=s_2_59&otracker=search&otracker1=search&fm=organic&iid=b0092fd9-a2ab-4cee-afe0-b212f7cf019e.SHTF2FKHC9XZNNQZ.SEARCH&ssid=o07k1nxtcw0000001580561285941&qH=514ca2b2d46ccf67,Highlander,₹999,Men Solid Casual Spread Shirt
59,67% off,₹461,/metronaut-men-striped-casual-dark-blue-shirt/p/itmfhffhtnc9hcrg?pid=SHTFHFFHZJYPFBGJ&lid=LSTSHTFHFFHZJYPFBGJE8NBTR&marketplace=FLIPKART&srno=s_2_60&otracker=search&otracker1=search&fm=organic&iid=en_i%2B%2F9U3%2B3u1KAFbZM%2FfCvkJnC6WPDsA2z3Vr6njjz6cDqUJfVE%2FTOXhjfhNX04cnyWCt%2FpqXf86zewMS2RISWmQ%3D%3D&ssid=o07k1nxtcw0000001580561285941&qH=514ca2b2d46ccf67,Metronaut,"₹1,399",Men Striped Casual Shirt
60,71% off,₹455,/base-41-men-checkered-casual-pink-shirt/p/itmfg348muaj9ddy?pid=SHTFGFAHRVY6FNCZ&lid=LSTSHTFGFAHRVY6FNCZI4L0RL&marketplace=FLIPKART&srno=s_2_61&otracker=search&otracker1=search&fm=organic&iid=11ccea05-e35c-41a5-8480-77410ad88e17.SHTFGFAHRVY6FNCZ.SEARCH&ssid=o07k1nxtcw0000001580561285941&qH=514ca2b2d46ccf67,BASE 41,"₹1,599",Men Checkered Casual Spread Shirt
61,53% off,₹599,/shopybucket-men-solid-casual-green-white-shirt/p/itm2581da7028c23?pid=SHTF949X55FWRJ3T&lid=LSTSHTF949X55FWRJ3TKLJAJB&marketplace=FLIPKART&srno=s_2_62&otracker=search&otracker1=search&fm=organic&iid=2e848748-b0d6-4611-b716-f4667750e944.SHTF949X55FWRJ3T.SEARCH&ssid=o07k1nxtcw0000001580561285941&qH=514ca2b2d46ccf67,ShopyBucket,"₹1,299",Men Solid Casual Ribbed Collar Shirt
62,64% off,₹500,/tripr-men-colorblocked-casual-black-white-shirt/p/itmf8sesayjs6hvu?pid=SHTF8S55GM9GSN9D&lid=LSTSHTF8S55GM9GSN9DSMOZ68&marketplace=FLIPKART&srno=s_2_63&otracker=search&otracker1=search&fm=organic&iid=c80e6c8f-3987-402b-83f9-dd147f92279e.SHTF8S55GM9GSN9D.SEARCH&ssid=o07k1nxtcw0000001580561285941&qH=514ca2b2d46ccf67,Tripr,"₹1,399",Men Colorblocked Casual Shirt
63,57% off,₹599,/metronaut-men-self-design-formal-grey-shirt/p/itmfh579c3nzuqwg?pid=SHTFH579N6R3JZ9Q&lid=LSTSHTFH579N6R3JZ9QPXDPK5&marketplace=FLIPKART&srno=s_2_64&otracker=search&otracker1=search&fm=organic&iid=en_i%2B%2F9U3%2B3u1KAFbZM%2FfCvkJnC6WPDsA2z3Vr6njjz6cCpAInmVU9D3Ylmoutj90hfH25fRwnjsdOdEjdeUuaWVA%3D%3D&ssid=o07k1nxtcw0000001580561285941&qH=514ca2b2d46ccf67,Metronaut,"₹1,399",Men Self Design Formal Shirt
64,71% off,₹521,/bosque-men-striped-casual-black-shirt/p/itm355eb47b02efa?pid=SHTFJGCZYFR3U562&lid=LSTSHTFJGCZYFR3U562LK8LDD&marketplace=FLIPKART&srno=s_2_65&otracker=search&otracker1=search&fm=organic&iid=e6ae9444-8584-426b-bd8c-c9a0b8703ee2.SHTFJGCZYFR3U562.SEARCH&ssid=o07k1nxtcw0000001580561285941&qH=514ca2b2d46ccf67,BOSQUE,"₹1,799",Men Striped Casual Button Down Shirt
65,58% off,₹538,/nahiko-men-solid-casual-yellow-shirt/p/itmfdewyzurqkhzh?pid=SHTFDDMZEDTPPXQZ&lid=LSTSHTFDDMZEDTPPXQZYMQ38S&marketplace=FLIPKART&srno=s_2_66&otracker=search&otracker1=search&fm=organic&iid=1017a2d3-e139-4382-be04-9b81da81f7b1.SHTFDDMZEDTPPXQZ.SEARCH&ssid=o07k1nxtcw0000001580561285941&qH=514ca2b2d46ccf67,Nahiko,"₹1,299",Men Solid Casual Mandarin Shirt
66,43% off,₹569,/highlander-men-checkered-casual-dark-blue-blue-shirt/p/itmfekrxsvhxmcax?pid=SHTEPEZNQPX7KXQY&lid=LSTSHTEPEZNQPX7KXQYPPUMHG&marketplace=FLIPKART&srno=s_2_67&otracker=search&otracker1=search&fm=organic&iid=cfa531f6-fd58-4f06-8e04-37f84c8e17a7.SHTEPEZNQPX7KXQY.SEARCH&ssid=o07k1nxtcw0000001580561285941&qH=514ca2b2d46ccf67,Highlander,₹999,Men Checkered Casual Regular Shirt
67,70% off,₹469,/trendz-mafatlal-men-self-design-casual-red-shirt/p/itmff2rxwtte8fyn?pid=SHTFF2PTYUJPKGJE&lid=LSTSHTFF2PTYUJPKGJE68ZQG4&marketplace=FLIPKART&srno=s_2_68&otracker=search&otracker1=search&fm=organic&iid=c97f7e21-494f-40e3-aaba-df16cca5f758.SHTFF2PTYUJPKGJE.SEARCH&ssid=o07k1nxtcw0000001580561285941&qH=514ca2b2d46ccf67,Trendz by Mafatlal,"₹1,599",Men Self Design Casual Shirt
68,84% off,₹299,/feed-up-men-solid-casual-white-shirt/p/itmf3x6fh8z8ghhu?pid=SHTE6F86XQZZ5WZ5&lid=LSTSHTE6F86XQZZ5WZ50VNKZ0&marketplace=FLIPKART&srno=s_2_69&otracker=search&otracker1=search&fm=organic&iid=c49ddc3b-7141-4395-8c1b-987c8aef31c6.SHTE6F86XQZZ5WZ5.SEARCH&ssid=o07k1nxtcw0000001580561285941&qH=514ca2b2d46ccf67,Feed Up,"₹1,899",Men Solid Casual Shirt
69,67% off,₹461,/metronaut-men-solid-formal-maroon-shirt/p/itmfh579nzsbehx8?pid=SHTFH579YCVFXX3R&lid=LSTSHTFH579YCVFXX3RYLOYS3&marketplace=FLIPKART&srno=s_2_70&otracker=search&otracker1=search&fm=organic&iid=en_i%2B%2F9U3%2B3u1KAFbZM%2FfCvkJnC6WPDsA2z3Vr6njjz6cDcoc%2FUj0TzJQz393S%2B69IefTD6IrqPtkTAgWhKHIsqsQ%3D%3D&ssid=o07k1nxtcw0000001580561285941&qH=514ca2b2d46ccf67,Metronaut,"₹1,399",Men Solid Formal Spread Shirt
70,45% off,₹714,/peter-england-university-men-printed-formal-green-shirt/p/itm42008f6d300d1?pid=SHTFJ5BZUVZ7BXM9&lid=LSTSHTFJ5BZUVZ7BXM9XTPDEA&marketplace=FLIPKART&srno=s_2_71&otracker=search&otracker1=search&fm=organic&iid=e95a5623-090c-4416-9e0f-f12c41b569ee.SHTFJ5BZUVZ7BXM9.SEARCH&ssid=o07k1nxtcw0000001580561285941&qH=514ca2b2d46ccf67,Peter England University,"₹1,299",Men Printed Formal Shirt
71,67% off,₹355,/dom-men-solid-casual-white-shirt/p/itmf3x66hn2d9k7t?pid=SHTFFYJYRDKJXZRD&lid=LSTSHTFFYJYRDKJXZRDWCI0VV&marketplace=FLIPKART&srno=s_2_72&otracker=search&otracker1=search&fm=organic&iid=1fd908bc-3b27-4a5d-a6c4-b722279b3c9e.SHTFFYJYRDKJXZRD.SEARCH&ssid=o07k1nxtcw0000001580561285941&qH=514ca2b2d46ccf67,DOM,"₹1,099",Men Solid Casual Mandarin Shirt
72,61% off,₹497,/vero-lie-men-solid-casual-pink-shirt/p/itmf5dmgcptcw86e?pid=SHTET3KCGHHSTHFW&lid=LSTSHTET3KCGHHSTHFW7QVNLL&marketplace=FLIPKART&srno=s_2_73&otracker=search&otracker1=search&fm=organic&iid=b3ebbb99-761e-411c-b85e-ce79ddc49330.SHTET3KCGHHSTHFW.SEARCH&ssid=o07k1nxtcw0000001580561285941&qH=514ca2b2d46ccf67,VERO LIE,"₹1,299",Men Solid Casual Mandarin Shirt
73,67% off,₹428,/metronaut-men-striped-formal-black-shirt/p/itmfh5b4tykx64yz?pid=SHTFH5GKNEQVU54G&lid=LSTSHTFH5GKNEQVU54GWHTQZT&marketplace=FLIPKART&srno=s_2_74&otracker=search&otracker1=search&fm=organic&iid=en_i%2B%2F9U3%2B3u1KAFbZM%2FfCvkJnC6WPDsA2z3Vr6njjz6cBJ%2FLz%2FWmlR9RuuauqsZqJ%2FiRQJ1FT3stjZUi6kCrLraA%3D%3D&ssid=o07k1nxtcw0000001580561285941&qH=514ca2b2d46ccf67,Metronaut,"₹1,299",Men Striped Formal Spread Shirt
74,43% off,₹569,/highlander-men-checkered-casual-multicolor-shirt/p/itmf3x6evfwnbuqt?pid=SHTFYZZRWGSKVUZV&lid=LSTSHTFYZZRWGSKVUZVBLN1PW&marketplace=FLIPKART&srno=s_2_75&otracker=search&otracker1=search&fm=organic&iid=75d265ae-d6db-4d42-a4fa-2b654cc97332.SHTFYZZRWGSKVUZV.SEARCH&ssid=o07k1nxtcw0000001580561285941&qH=514ca2b2d46ccf67,Highlander,₹999,Men Checkered Casual Spread Shirt
75,67% off,₹486,/xtl-men-striped-casual-dark-blue-shirt/p/itm03254fd2c95ce?pid=SHTFJFHGFVJ5GATR&lid=LSTSHTFJFHGFVJ5GATRRSCAS6&marketplace=FLIPKART&srno=s_2_76&otracker=search&otracker1=search&fm=organic&iid=7da3b457-9d47-44db-ab05-f1038855dfad.SHTFJFHGFVJ5GATR.SEARCH&ssid=o07k1nxtcw0000001580561285941&qH=514ca2b2d46ccf67,XTL,"₹1,499",Men Striped Casual Mandarin Shirt
76,71% off,₹534,/vero-lie-men-striped-casual-red-shirt/p/itmdbead3a3bb721?pid=SHTFKGBJZVFNVGM8&lid=LSTSHTFKGBJZVFNVGM8AYJ8C3&marketplace=FLIPKART&srno=s_2_77&otracker=search&otracker1=search&fm=organic&iid=382177a6-dc46-4d1a-bc87-83b645bea7e5.SHTFKGBJZVFNVGM8.SEARCH&ssid=o07k1nxtcw0000001580561285941&qH=514ca2b2d46ccf67,VERO LIE,"₹1,875",Men Striped Casual Button Down Shirt
77,53% off,₹540,/highlander-men-printed-casual-multicolor-shirt/p/itmfchnkjbrh7v8u?pid=SHTFCHNK7RMEQVG5&lid=LSTSHTFCHNK7RMEQVG50EGGC5&marketplace=FLIPKART&srno=s_2_78&otracker=search&otracker1=search&fm=organic&iid=181be712-6af7-4969-925a-b872e234a09a.SHTFCHNK7RMEQVG5.SEARCH&ssid=o07k1nxtcw0000001580561285941&qH=514ca2b2d46ccf67,Highlander,"₹1,149",Men Printed Casual Cut Away Shirt
78,53% off,₹587,/highlander-men-solid-casual-beige-shirt/p/itmfdfq3whw5ppyr?pid=SHTF34N8JZUPKEZ5&lid=LSTSHTF34N8JZUPKEZ5KXOWPC&marketplace=FLIPKART&srno=s_2_79&otracker=search&otracker1=search&fm=organic&iid=6acceceb-6f87-4135-afd2-8fc204654fed.SHTF34N8JZUPKEZ5.SEARCH&ssid=o07k1nxtcw0000001580561285941&qH=514ca2b2d46ccf67,Highlander,"₹1,249",Men Solid Casual Mandarin Shirt
79,57% off,₹558,/metronaut-men-solid-formal-white-shirt/p/itmfdpvpyfas6tk9?pid=SHTFDPVPZXEZ6EZU&lid=LSTSHTFDPVPZXEZ6EZULWXUTO&marketplace=FLIPKART&srno=s_2_80&otracker=search&otracker1=search&fm=organic&iid=en_i%2B%2F9U3%2B3u1KAFbZM%2FfCvkJnC6WPDsA2z3Vr6njjz6cAEzgzyD8dqBL8NgL7Rbb4Pg%2FzEWgCb6iPsyqWI7MSCeQ%3D%3D&ssid=o07k1nxtcw0000001580561285941&qH=514ca2b2d46ccf67,Metronaut,"₹1,299",Men Solid Formal Spread Shirt
80,79% off,₹398,/u-turn-men-solid-casual-maroon-shirt/p/itmfa9g6pzaxh2gh?pid=SHTFA9F6KPASDUSH&lid=LSTSHTFA9F6KPASDUSHK0PUME&marketplace=FLIPKART&srno=s_3_81&otracker=search&otracker1=search&fm=organic&iid=ef5ceaea-23ef-4655-9fb1-30273586e20b.SHTFA9F6KPASDUSH.SEARCH&ssid=8alpn5190g0000001580561287923&qH=514ca2b2d46ccf67,U TURN,"₹1,899",Men Solid Casual Mandarin Shirt
81,43% off,₹569,/highlander-men-checkered-casual-multicolor-shirt/p/itmf3x6evfwnbuqt?pid=SHTFYZZRWGSKVUZV&lid=LSTSHTFYZZRWGSKVUZVBLN1PW&marketplace=FLIPKART&srno=s_3_82&otracker=search&otracker1=search&fm=organic&iid=5ba18634-c089-44c4-8241-874d45b1dda7.SHTFYZZRWGSKVUZV.SEARCH&ssid=8alpn5190g0000001580561287923&qH=514ca2b2d46ccf67,Highlander,₹999,Men Checkered Casual Spread Shirt
82,71% off,₹534,/vero-lie-men-striped-casual-red-shirt/p/itmdbead3a3bb721?pid=SHTFKGBJZVFNVGM8&lid=LSTSHTFKGBJZVFNVGM8AYJ8C3&marketplace=FLIPKART&srno=s_3_83&otracker=search&otracker1=search&fm=organic&iid=7f4cd30c-69c4-4104-b044-180d6b966702.SHTFKGBJZVFNVGM8.SEARCH&ssid=8alpn5190g0000001580561287923&qH=514ca2b2d46ccf67,VERO LIE,"₹1,875",Men Striped Casual Button Down Shirt
83,45% off,₹549,/shivay-creation-men-solid-casual-white-shirt/p/itmf8bcu2ygdxydt?pid=SHTF8B6UYSZEGN2C&lid=LSTSHTF8B6UYSZEGN2CKKA5PB&marketplace=FLIPKART&srno=s_3_84&otracker=search&otracker1=search&fm=organic&iid=en_LaYGmRB9tNeoMqTNa%2F%2FUi4Yx7HXeso%2FP8FIxcpq87W9waodnPg73GT7epmNRZFqg1IPc2BA2HF79pX6qtST0OQ%3D%3D&ssid=8alpn5190g0000001580561287923&qH=514ca2b2d46ccf67,shivay creation,₹999,Men Solid Casual Spread Shirt
84,79% off,₹398,/u-turn-men-solid-casual-orange-shirt/p/itmfa9g7uvaknbng?pid=SHTFA9F6HFPXVVBX&lid=LSTSHTFA9F6HFPXVVBX6VPD8T&marketplace=FLIPKART&srno=s_3_85&otracker=search&otracker1=search&fm=organic&iid=bbb852c5-5737-4809-a121-56da24c3813e.SHTFA9F6HFPXVVBX.SEARCH&ssid=8alpn5190g0000001580561287923&qH=514ca2b2d46ccf67,U TURN,"₹1,899",Men Solid Casual Mandarin Shirt
85,40% off,₹599,/shopybucket-men-solid-party-white-shirt/p/itmf7am7tqk3kudp?pid=SHTF79QZZ4WHB3UN&lid=LSTSHTF79QZZ4WHB3UNW7NOFY&marketplace=FLIPKART&srno=s_3_86&otracker=search&otracker1=search&fm=organic&iid=b489fe79-dfcd-47c8-b319-ea0c23bd6bd3.SHTF79QZZ4WHB3UN.SEARCH&ssid=8alpn5190g0000001580561287923&qH=514ca2b2d46ccf67,ShopyBucket,₹999,Men Solid Party Shirt
86,50% off,₹499,/fubar-men-solid-casual-white-shirt/p/itmfb75qzamj6zna?pid=SHTFB6HFFN9PDCKB&lid=LSTSHTFB6HFFN9PDCKB8GTLZ3&marketplace=FLIPKART&srno=s_3_87&otracker=search&otracker1=search&fm=organic&iid=375d8285-9469-42aa-81db-e00ec4e1e50b.SHTFB6HFFN9PDCKB.SEARCH&ssid=8alpn5190g0000001580561287923&qH=514ca2b2d46ccf67,FUBAR,₹999,Men Solid Casual Mandarin Shirt
87,48% off,₹519,/highlander-men-solid-casual-black-shirt/p/itmfdfd8qkybzadm?pid=SHTEH5HTHYSBKGGD&lid=LSTSHTEH5HTHYSBKGGDXSLDEB&marketplace=FLIPKART&srno=s_3_88&otracker=search&otracker1=search&fm=organic&iid=8541aaf3-d818-40f2-aff0-ece9d605200f.SHTEH5HTHYSBKGGD.SEARCH&ssid=8alpn5190g0000001580561287923&qH=514ca2b2d46ccf67,Highlander,₹999,Men Solid Casual REGULAR Shirt
88,66% off,₹539,/trendz-mafatlal-men-printed-casual-blue-grey-shirt/p/itmfg4wnfmhfyunv?pid=SHTFG4MH5MWHQGYP&lid=LSTSHTFG4MH5MWHQGYPDKEKCP&marketplace=FLIPKART&srno=s_3_89&otracker=search&otracker1=search&fm=organic&iid=cf229b8b-4a83-4583-8595-063b8d63e86e.SHTFG4MH5MWHQGYP.SEARCH&ssid=8alpn5190g0000001580561287923&qH=514ca2b2d46ccf67,Trendz by Mafatlal,"₹1,599",Men Printed Casual Spread Shirt
89,51% off,₹587,/5th-anfold-men-solid-formal-dark-blue-shirt/p/itmf6sxywydkyd5f?pid=SHTEYDDQ4HYMFCPG&lid=LSTSHTEYDDQ4HYMFCPGIMDAZJ&marketplace=FLIPKART&srno=s_3_90&otracker=search&otracker1=search&fm=organic&iid=en_LaYGmRB9tNeoMqTNa%2F%2FUi4Yx7HXeso%2FP8FIxcpq87W%2F4XhcRxHX%2BqFUYoGFiSheXB0UWdpXMIqS0vVc4ASJGEg%3D%3D&ssid=8alpn5190g0000001580561287923&qH=514ca2b2d46ccf67,5th Anfold,"₹1,199",Men Solid Formal Slim Shirt
90,66% off,₹534,/metronaut-men-solid-casual-white-shirt/p/itmfcuz7mkxkzrtx?pid=SHTFCUZYPPFDTYYE&lid=LSTSHTFCUZYPPFDTYYEWXQHWO&marketplace=FLIPKART&srno=s_3_91&otracker=search&otracker1=search&fm=organic&iid=928dffee-aaf4-4bd5-ba11-398593e29315.SHTFCUZYPPFDTYYE.SEARCH&ssid=8alpn5190g0000001580561287923&qH=514ca2b2d46ccf67,Metronaut,"₹1,599",Men Solid Casual Spread Shirt
91,62% off,₹567,/fubar-men-striped-party-light-green-shirt/p/itmfd6vhvm4tada9?pid=SHTFD6STKP5GFUCH&lid=LSTSHTFD6STKP5GFUCHNWPXAH&marketplace=FLIPKART&srno=s_3_92&otracker=search&otracker1=search&fm=organic&iid=be429a6e-39e4-42aa-ba1a-dcb0fa3f38b5.SHTFD6STKP5GFUCH.SEARCH&ssid=8alpn5190g0000001580561287923&qH=514ca2b2d46ccf67,FUBAR,"₹1,499",Men Striped Party Mandarin Shirt
92,67% off,₹758,/metronaut-men-solid-formal-black-white-shirt/p/itmfhyvdysp3ethe?pid=SHTFHYVDYEXZJEGY&lid=LSTSHTFHYVDYEXZJEGYL3KFIN&marketplace=FLIPKART&srno=s_3_93&otracker=search&otracker1=search&fm=organic&iid=00a2ab52-d60c-4398-ab32-bd54fded88df.SHTFHYVDYEXZJEGY.SEARCH&ssid=8alpn5190g0000001580561287923&qH=514ca2b2d46ccf67,Metronaut,"₹2,299",Men Solid Formal Shirt
93,47% off,"₹1,049",/ducati-men-solid-casual-blue-shirt/p/itmf7g3nhastsefd?pid=SHTF7G3NZCZATWGP&lid=LSTSHTF7G3NZCZATWGP77LMBY&marketplace=FLIPKART&srno=s_3_94&otracker=search&otracker1=search&fm=organic&iid=en_LaYGmRB9tNeoMqTNa%2F%2FUi4Yx7HXeso%2FP8FIxcpq87W%2B8Xsbrt98Q6riUGVLlmXSzXUoTG9weQSIxut%2BUcUxHYQ%3D%3D&ssid=8alpn5190g0000001580561287923&qH=514ca2b2d46ccf67,Ducati,"₹1,999",Men Solid Casual Shirt
94,55% off,₹989,/wrogn-men-checkered-casual-multicolor-shirt/p/itm75828ca93cb61?pid=SHTFHX5HHR4ZRG8W&lid=LSTSHTFHX5HHR4ZRG8WGEIDOQ&marketplace=FLIPKART&srno=s_3_95&otracker=search&otracker1=search&fm=organic&iid=fb5ebe90-2067-41c7-92a4-e7d221a64534.SHTFHX5HHR4ZRG8W.SEARCH&ssid=8alpn5190g0000001580561287923&qH=514ca2b2d46ccf67,WROGN,"₹2,199",Men Checkered Casual Spread Shirt
95,73% off,₹398,/jai-textiles-men-solid-casual-light-blue-shirt/p/itmfa8syetwyzn4t?pid=SHTFA82ZK95WV8DK&lid=LSTSHTFA82ZK95WV8DKWCWM98&marketplace=FLIPKART&srno=s_3_96&otracker=search&otracker1=search&fm=organic&iid=d5dd99d9-724d-40c4-b036-6d72466e7bbb.SHTFA82ZK95WV8DK.SEARCH&ssid=8alpn5190g0000001580561287923&qH=514ca2b2d46ccf67,Jai Textiles,"₹1,499",Men Solid Casual Spread Shirt
96,58% off,₹350,/gritstones-men-solid-casual-green-shirt/p/itmf3x6tdh38adg3?pid=SHTF39CRTDGNYC25&lid=LSTSHTF39CRTDGNYC25UQIZOO&marketplace=FLIPKART&srno=s_3_97&otracker=search&otracker1=search&fm=organic&iid=125ea31f-0178-4459-ab5e-6319c7c6700f.SHTF39CRTDGNYC25.SEARCH&ssid=8alpn5190g0000001580561287923&qH=514ca2b2d46ccf67,Gritstones,₹849,Men Solid Casual Mandarin Shirt
97,72% off,₹432,/base-41-men-checkered-casual-green-shirt/p/itmfg349zayz4v2g?pid=SHTFGFAHRH7YHTRN&lid=LSTSHTFGFAHRH7YHTRN4ACOPN&marketplace=FLIPKART&srno=s_3_98&otracker=search&otracker1=search&fm=organic&iid=00947fe0-0358-43c1-8c9a-1c27c67e95bb.SHTFGFAHRH7YHTRN.SEARCH&ssid=8alpn5190g0000001580561287923&qH=514ca2b2d46ccf67,BASE 41,"₹1,599",Men Checkered Casual Spread Shirt
98,43% off,₹569,/highlander-men-checkered-casual-multicolor-shirt/p/itmfekrxsmnerr6z?pid=SHTEZUPHKNEQUMRF&lid=LSTSHTEZUPHKNEQUMRFQTDMQR&marketplace=FLIPKART&srno=s_3_99&otracker=search&otracker1=search&fm=organic&iid=0f57ffb0-8833-4948-8d4e-cf9f26a2f344.SHTEZUPHKNEQUMRF.SEARCH&ssid=8alpn5190g0000001580561287923&qH=514ca2b2d46ccf67,Highlander,₹999,Men Checkered Casual Spread Shirt
99,67% off,₹461,/metronaut-men-striped-casual-dark-blue-shirt/p/itmfhffhtnc9hcrg?pid=SHTFHFFHZJYPFBGJ&lid=LSTSHTFHFFHZJYPFBGJE8NBTR&marketplace=FLIPKART&srno=s_3_100&otracker=search&otracker1=search&fm=organic&iid=en_LaYGmRB9tNeoMqTNa%2F%2FUi4Yx7HXeso%2FP8FIxcpq87W9Q4lhMiW0UTQaT%2BJM%2BaUMzWCt%2FpqXf86zewMS2RISWmQ%3D%3D&ssid=8alpn5190g0000001580561287923&qH=514ca2b2d46ccf67,Metronaut,"₹1,399",Men Striped Casual Shirt
100,53% off,₹516,/highlander-men-solid-casual-white-shirt/p/itmfdfd8wphkd6gw?pid=SHTEWZH8G4XMEZFN&lid=LSTSHTEWZH8G4XMEZFNTJNNJV&marketplace=FLIPKART&srno=s_3_101&otracker=search&otracker1=search&fm=organic&iid=7d914a7c-b784-4279-a96f-d368a43a298a.SHTEWZH8G4XMEZFN.SEARCH&ssid=8alpn5190g0000001580561287923&qH=514ca2b2d46ccf67,Highlander,"₹1,099",Men Solid Casual Shirt
101,60% off,₹399,/try-men-solid-casual-maroon-blue-shirt/p/itmcedc114f6b365?pid=SHTFNRVMM4CSZHW4&lid=LSTSHTFNRVMM4CSZHW4KVBR2S&marketplace=FLIPKART&srno=s_3_102&otracker=search&otracker1=search&fm=organic&iid=c1e0c114-50cc-4d64-af30-62c87d3fc7d6.SHTFNRVMM4CSZHW4.SEARCH&ssid=8alpn5190g0000001580561287923&qH=514ca2b2d46ccf67,Try This,₹999,Men Solid Casual Shirt
102,68% off,₹379,/base-41-men-solid-casual-orange-shirt/p/itmeaa521fb39997?pid=SHTFJVZFYW6B8PY3&lid=LSTSHTFJVZFYW6B8PY3NJSQHI&marketplace=FLIPKART&srno=s_3_103&otracker=search&otracker1=search&fm=organic&iid=e2a2eb71-b72a-4f52-86a1-125034dade33.SHTFJVZFYW6B8PY3.SEARCH&ssid=8alpn5190g0000001580561287923&qH=514ca2b2d46ccf67,BASE 41,"₹1,199",Men Solid Casual Mandarin Shirt
103,57% off,₹599,/metronaut-men-self-design-formal-grey-shirt/p/itmfh579c3nzuqwg?pid=SHTFH579N6R3JZ9Q&lid=LSTSHTFH579N6R3JZ9QPXDPK5&marketplace=FLIPKART&srno=s_3_104&otracker=search&otracker1=search&fm=organic&iid=en_LaYGmRB9tNeoMqTNa%2F%2FUi4Yx7HXeso%2FP8FIxcpq87W9M7x%2FcVDREHt%2B3wSJkO9j8H25fRwnjsdOdEjdeUuaWVA%3D%3D&ssid=8alpn5190g0000001580561287923&qH=514ca2b2d46ccf67,Metronaut,"₹1,399",Men Self Design Formal Shirt
104,60% off,₹399,/sona-fashions-men-solid-casual-khaki-shirt/p/itmfa14a23a4427a?pid=SHTFHGVJUHHZGPZP&lid=LSTSHTFHGVJUHHZGPZPCGOSTG&marketplace=FLIPKART&srno=s_3_105&otracker=search&otracker1=search&fm=organic&iid=cc9874e6-c53f-4474-b4d7-1c220e1dce27.SHTFHGVJUHHZGPZP.SEARCH&ssid=8alpn5190g0000001580561287923&qH=514ca2b2d46ccf67,Sona Fashions,₹999,Men Solid Casual Button Down Shirt
105,55% off,₹399,/gespo-men-solid-casual-red-shirt/p/itmfa8busyxtvvd9?pid=SHTFA8AJKNQGG5GP&lid=LSTSHTFA8AJKNQGG5GPS6RXKY&marketplace=FLIPKART&srno=s_3_106&otracker=search&otracker1=search&fm=organic&iid=74bd8743-49b9-4583-aa35-f451301b009e.SHTFA8AJKNQGG5GP.SEARCH&ssid=8alpn5190g0000001580561287923&qH=514ca2b2d46ccf67,GESPO,₹899,Men Solid Casual Shirt
106,61% off,₹349,/gespo-men-solid-casual-maroon-shirt/p/itm1882b4a73d4d3?pid=SHTFK8NSEPHRGKZN&lid=LSTSHTFK8NSEPHRGKZNUKHRKK&marketplace=FLIPKART&srno=s_3_107&otracker=search&otracker1=search&fm=organic&iid=d326dea3-d4ae-402a-91a0-84be51365cdb.SHTFK8NSEPHRGKZN.SEARCH&ssid=8alpn5190g0000001580561287923&qH=514ca2b2d46ccf67,GESPO,₹899,Men Solid Casual Shirt
107,50% off,₹449,/gespo-men-solid-casual-green-shirt/p/itme1d5823fabdcd?pid=SHTFK96ZDJHCJVPH&lid=LSTSHTFK96ZDJHCJVPHCREFWX&marketplace=FLIPKART&srno=s_3_108&otracker=search&otracker1=search&fm=organic&iid=60703db0-f5bc-47a3-89c0-99053bbaaacf.SHTFK96ZDJHCJVPH.SEARCH&ssid=8alpn5190g0000001580561287923&qH=514ca2b2d46ccf67,GESPO,₹899,Men Solid Casual Shirt
108,50% off,₹949,/peter-england-men-solid-formal-blue-shirt/p/itm541ff4f97f3ff?pid=SHTFJFUJPMMYRZTB&lid=LSTSHTFJFUJPMMYRZTBHTVRVM&marketplace=FLIPKART&srno=s_3_109&otracker=search&otracker1=search&fm=organic&iid=f2cc01fa-ab86-45e6-99dd-89453995fe7e.SHTFJFUJPMMYRZTB.SEARCH&ssid=8alpn5190g0000001580561287923&qH=514ca2b2d46ccf67,Peter England,"₹1,899",Men Solid Formal Shirt
109,67% off,₹461,/metronaut-men-solid-formal-maroon-shirt/p/itmfh579nzsbehx8?pid=SHTFH579YCVFXX3R&lid=LSTSHTFH579YCVFXX3RYLOYS3&marketplace=FLIPKART&srno=s_3_110&otracker=search&otracker1=search&fm=organic&iid=en_LaYGmRB9tNeoMqTNa%2F%2FUi4Yx7HXeso%2FP8FIxcpq87W%2FYCbGDPJ6rJ0yxBCbA1%2Fq8fTD6IrqPtkTAgWhKHIsqsQ%3D%3D&ssid=8alpn5190g0000001580561287923&qH=514ca2b2d46ccf67,Metronaut,"₹1,399",Men Solid Formal Spread Shirt
110,63% off,₹554,/fubar-men-striped-party-yellow-shirt/p/itmfd6vhtqfmtt3n?pid=SHTFD6STUHTMGM6G&lid=LSTSHTFD6STUHTMGM6GDD7O3Y&marketplace=FLIPKART&srno=s_3_111&otracker=search&otracker1=search&fm=organic&iid=57373ec6-1a37-46ae-a7aa-c08ddd67d8e8.SHTFD6STUHTMGM6G.SEARCH&ssid=8alpn5190g0000001580561287923&qH=514ca2b2d46ccf67,FUBAR,"₹1,499",Men Striped Party Mandarin Shirt
111,67% off,₹520,/cobio-man-men-striped-casual-black-shirt/p/itm15f5b11fdc61d?pid=SHTFKG7V3CYWTUPD&lid=LSTSHTFKG7V3CYWTUPDLGE4FW&marketplace=FLIPKART&srno=s_3_112&otracker=search&otracker1=search&fm=organic&iid=9b724149-02be-403b-a3a3-b58b781b5e6d.SHTFKG7V3CYWTUPD.SEARCH&ssid=8alpn5190g0000001580561287923&qH=514ca2b2d46ccf67,COBIO MAN,"₹1,599",Men Striped Casual Mandarin Shirt
112,48% off,₹519,/highlander-men-solid-casual-blue-shirt/p/itmfdfd7xvuvqmmk?pid=SHTEHFZX9UFBY5FU&lid=LSTSHTEHFZX9UFBY5FUGVLNZ8&marketplace=FLIPKART&srno=s_3_113&otracker=search&otracker1=search&fm=organic&iid=e5cd8b38-d974-4d4c-b2a6-728f9fa1795a.SHTEHFZX9UFBY5FU.SEARCH&ssid=8alpn5190g0000001580561287923&qH=514ca2b2d46ccf67,Highlander,₹999,Men Solid Casual Mandarin Shirt
113,67% off,₹428,/metronaut-men-striped-formal-black-shirt/p/itmfh5b4tykx64yz?pid=SHTFH5GKNEQVU54G&lid=LSTSHTFH5GKNEQVU54GWHTQZT&marketplace=FLIPKART&srno=s_3_114&otracker=search&otracker1=search&fm=organic&iid=en_LaYGmRB9tNeoMqTNa%2F%2FUi4Yx7HXeso%2FP8FIxcpq87W9tm7qByQfq6mVyuj%2FrMdRViRQJ1FT3stjZUi6kCrLraA%3D%3D&ssid=8alpn5190g0000001580561287923&qH=514ca2b2d46ccf67,Metronaut,"₹1,299",Men Striped Formal Spread Shirt
114,69% off,₹360,/base-41-men-solid-casual-black-shirt/p/itm3975ed3bd421c?pid=SHTFJVYRMP8YQTEN&lid=LSTSHTFJVYRMP8YQTENQDXG55&marketplace=FLIPKART&srno=s_3_115&otracker=search&otracker1=search&fm=organic&iid=5924fb5d-65e7-4790-b6cb-0f727b7c3536.SHTFJVYRMP8YQTEN.SEARCH&ssid=8alpn5190g0000001580561287923&qH=514ca2b2d46ccf67,BASE 41,"₹1,199",Men Solid Casual Mandarin Shirt
115,50% off,₹499,/highlander-men-checkered-casual-multicolor-shirt/p/itmf3x92hc5ne3hh?pid=SHTEVSFJRCBRVSEF&lid=LSTSHTEVSFJRCBRVSEFQAEHYT&marketplace=FLIPKART&srno=s_3_116&otracker=search&otracker1=search&fm=organic&iid=96657115-783e-4af8-9887-9faef7197df5.SHTEVSFJRCBRVSEF.SEARCH&ssid=8alpn5190g0000001580561287923&qH=514ca2b2d46ccf67,Highlander,₹999,Men Checkered Casual Spread Shirt
116,38% off,₹799,/j-styles-men-solid-casual-red-black-shirt/p/itma3f08063cf9a8?pid=SHTFKH325KYT4JSF&lid=LSTSHTFKH325KYT4JSF4KIGIR&marketplace=FLIPKART&srno=s_3_117&otracker=search&otracker1=search&fm=organic&iid=16fce937-2252-4823-a643-f35acc11c78e.SHTFKH325KYT4JSF.SEARCH&ssid=8alpn5190g0000001580561287923&qH=514ca2b2d46ccf67,A J STYLES,"₹1,299",Men Solid Casual Button Down Shirt
117,78% off,₹399,/u-turn-men-solid-casual-red-shirt/p/itmf8bgsg6utndwg?pid=SHTF8BAKV4DM5BVP&lid=LSTSHTF8BAKV4DM5BVPZCD31J&marketplace=FLIPKART&srno=s_3_118&otracker=search&otracker1=search&fm=organic&iid=70305e92-9643-4fe8-9212-338789bbd188.SHTF8BAKV4DM5BVP.SEARCH&ssid=8alpn5190g0000001580561287923&qH=514ca2b2d46ccf67,U TURN,"₹1,899",Men Solid Casual Mandarin Shirt
118,55% off,₹899,/allen-solly-men-checkered-casual-white-shirt/p/itmffhz7se2gwqzd?pid=SHTFFHGTGZQAYNZX&lid=LSTSHTFFHGTGZQAYNZXAVY0XD&marketplace=FLIPKART&srno=s_3_119&otracker=search&otracker1=search&fm=organic&iid=d847a437-dead-4681-b66a-a8eba6bb359a.SHTFFHGTGZQAYNZX.SEARCH&ssid=8alpn5190g0000001580561287923&qH=514ca2b2d46ccf67,Allen Solly,"₹1,999",Men Checkered Casual Spread Shirt
119,57% off,₹558,/metronaut-men-solid-formal-white-shirt/p/itmfdpvpyfas6tk9?pid=SHTFDPVPZXEZ6EZU&lid=LSTSHTFDPVPZXEZ6EZULWXUTO&marketplace=FLIPKART&srno=s_3_120&otracker=search&otracker1=search&fm=organic&iid=en_LaYGmRB9tNeoMqTNa%2F%2FUi4Yx7HXeso%2FP8FIxcpq87W%2B5UqGOta1B4cxYyzb60L0fg%2FzEWgCb6iPsyqWI7MSCeQ%3D%3D&ssid=8alpn5190g0000001580561287923&qH=514ca2b2d46ccf67,Metronaut,"₹1,299",Men Solid Formal Spread Shirt
120,73% off,₹497,/vero-lie-men-color-block-casual-white-shirt/p/itmdd4c1f339b872?pid=SHTFMY5ZAXP6NDQZ&lid=LSTSHTFMY5ZAXP6NDQZB0TTYA&marketplace=FLIPKART&srno=s_4_121&otracker=search&otracker1=search&fm=organic&iid=f050df87-0c6e-4168-9ca4-0a8de8e2f399.SHTFMY5ZAXP6NDQZ.SEARCH&ssid=bgs7oe19cg0000001580561290065&qH=514ca2b2d46ccf67,VERO LIE,"₹1,888",Men Color Block Casual Button Down Shirt
121,48% off,₹519,/highlander-men-solid-casual-black-shirt/p/itmfdfd8qkybzadm?pid=SHTEH5HTHYSBKGGD&lid=LSTSHTEH5HTHYSBKGGDXSLDEB&marketplace=FLIPKART&srno=s_4_122&otracker=search&otracker1=search&fm=organic&iid=625f8ea0-9202-4dba-9889-5be0c552aa46.SHTEH5HTHYSBKGGD.SEARCH&ssid=bgs7oe19cg0000001580561290065&qH=514ca2b2d46ccf67,Highlander,₹999,Men Solid Casual REGULAR Shirt
122,55% off,₹989,/wrogn-men-checkered-casual-multicolor-shirt/p/itm75828ca93cb61?pid=SHTFHX5HHR4ZRG8W&lid=LSTSHTFHX5HHR4ZRG8WGEIDOQ&marketplace=FLIPKART&srno=s_4_123&otracker=search&otracker1=search&fm=organic&iid=2a94706f-5082-43b8-acd3-245340a9dc4b.SHTFHX5HHR4ZRG8W.SEARCH&ssid=bgs7oe19cg0000001580561290065&qH=514ca2b2d46ccf67,WROGN,"₹2,199",Men Checkered Casual Spread Shirt
123,45% off,₹549,/shivay-creation-men-solid-casual-white-shirt/p/itmf8bcu2ygdxydt?pid=SHTF8B6UYSZEGN2C&lid=LSTSHTF8B6UYSZEGN2CKKA5PB&marketplace=FLIPKART&srno=s_4_124&otracker=search&otracker1=search&fm=organic&iid=en_UDlYiczsKxXthVqMZoIiL98DvCs2luLGsqXmq5hc5Ix6ZQT5sQIU7VkwSOm4UWiy1IPc2BA2HF79pX6qtST0OQ%3D%3D&ssid=bgs7oe19cg0000001580561290065&qH=514ca2b2d46ccf67,shivay creation,₹999,Men Solid Casual Spread Shirt
124,58% off,₹350,/gritstones-men-solid-casual-green-shirt/p/itmf3x6tdh38adg3?pid=SHTF39CRTDGNYC25&lid=LSTSHTF39CRTDGNYC25UQIZOO&marketplace=FLIPKART&srno=s_4_125&otracker=search&otracker1=search&fm=organic&iid=642014a6-ec6b-4b2a-82c1-cdc03b4deefc.SHTF39CRTDGNYC25.SEARCH&ssid=bgs7oe19cg0000001580561290065&qH=514ca2b2d46ccf67,Gritstones,₹849,Men Solid Casual Mandarin Shirt
125,72% off,₹432,/base-41-men-checkered-casual-light-blue-shirt/p/itmfg3499mdhwmhu?pid=SHTFGFAHZB7BCVDE&lid=LSTSHTFGFAHZB7BCVDEAXZNRK&marketplace=FLIPKART&srno=s_4_126&otracker=search&otracker1=search&fm=organic&iid=99086be6-f4ff-409d-a4af-003aafe77339.SHTFGFAHZB7BCVDE.SEARCH&ssid=bgs7oe19cg0000001580561290065&qH=514ca2b2d46ccf67,BASE 41,"₹1,599",Men Checkered Casual Spread Shirt
126,64% off,₹460,/nahiko-men-colorblocked-casual-red-shirt/p/itmfbzemkgdyykxd?pid=SHTFBYUA5FV8QFZZ&lid=LSTSHTFBYUA5FV8QFZZNLBUVM&marketplace=FLIPKART&srno=s_4_127&otracker=search&otracker1=search&fm=organic&iid=9b74aad7-3d40-462f-ab7b-6f8951c30d47.SHTFBYUA5FV8QFZZ.SEARCH&ssid=bgs7oe19cg0000001580561290065&qH=514ca2b2d46ccf67,Nahiko,"₹1,299",Men Colorblocked Casual Spread Shirt
127,70% off,₹386,/el-senor-men-solid-casual-white-shirt/p/itm6cea6fee6420b?pid=SHTFNA6YZANMFFEN&lid=LSTSHTFNA6YZANMFFENNZICGL&marketplace=FLIPKART&srno=s_4_128&otracker=search&otracker1=search&fm=organic&iid=da0da7da-7e80-43ff-92a4-8c7534751881.SHTFNA6YZANMFFEN.SEARCH&ssid=bgs7oe19cg0000001580561290065&qH=514ca2b2d46ccf67,el senor,"₹1,299",Men Solid Casual Spread Shirt
128,43% off,₹569,/highlander-men-checkered-casual-multicolor-shirt/p/itmfekrxsmnerr6z?pid=SHTEZUPHKNEQUMRF&lid=LSTSHTEZUPHKNEQUMRFQTDMQR&marketplace=FLIPKART&srno=s_4_129&otracker=search&otracker1=search&fm=organic&iid=c0a133a4-3971-4da7-a70a-c962b7016546.SHTEZUPHKNEQUMRF.SEARCH&ssid=bgs7oe19cg0000001580561290065&qH=514ca2b2d46ccf67,Highlander,₹999,Men Checkered Casual Spread Shirt
129,51% off,₹587,/5th-anfold-men-solid-formal-dark-blue-shirt/p/itmf6sxywydkyd5f?pid=SHTEYDDQ4HYMFCPG&lid=LSTSHTEYDDQ4HYMFCPGIMDAZJ&marketplace=FLIPKART&srno=s_4_130&otracker=search&otracker1=search&fm=organic&iid=en_UDlYiczsKxXthVqMZoIiL98DvCs2luLGsqXmq5hc5Iy6qlIX7Lo9Ts1LH%2BpvIGM%2FB0UWdpXMIqS0vVc4ASJGEg%3D%3D&ssid=bgs7oe19cg0000001580561290065&qH=514ca2b2d46ccf67,5th Anfold,"₹1,199",Men Solid Formal Slim Shirt
130,79% off,₹398,/u-turn-men-solid-casual-light-green-shirt/p/itmadb051a5c2eb9?pid=SHTFMY33TN5MW45F&lid=LSTSHTFMY33TN5MW45FKZEY7B&marketplace=FLIPKART&srno=s_4_131&otracker=search&otracker1=search&fm=organic&iid=9fc5c4de-7f40-4b0b-832c-c58b0ebffa6e.SHTFMY33TN5MW45F.SEARCH&ssid=bgs7oe19cg0000001580561290065&qH=514ca2b2d46ccf67,U TURN,"₹1,899",Men Solid Casual Mandarin Shirt
131,50% off,₹949,/peter-england-men-solid-formal-blue-shirt/p/itm541ff4f97f3ff?pid=SHTFJFUJPMMYRZTB&lid=LSTSHTFJFUJPMMYRZTBHTVRVM&marketplace=FLIPKART&srno=s_4_132&otracker=search&otracker1=search&fm=organic&iid=53d3c472-d043-4f3e-8939-6bb982c3002b.SHTFJFUJPMMYRZTB.SEARCH&ssid=bgs7oe19cg0000001580561290065&qH=514ca2b2d46ccf67,Peter England,"₹1,899",Men Solid Formal Shirt
132,60% off,₹639,/roadster-men-self-design-casual-brown-shirt/p/itm5f173da0f9133?pid=SHTFKKAPYYFSCBFU&lid=LSTSHTFKKAPYYFSCBFUAFWFTE&marketplace=FLIPKART&srno=s_4_133&otracker=search&otracker1=search&fm=organic&iid=f427acaa-1aee-489c-822f-42f6405ddfc4.SHTFKKAPYYFSCBFU.SEARCH&ssid=bgs7oe19cg0000001580561290065&qH=514ca2b2d46ccf67,Roadster,"₹1,599",Men Self Design Casual Spread Shirt
133,47% off,"₹1,049",/ducati-men-solid-casual-blue-shirt/p/itmf7g3nhastsefd?pid=SHTF7G3NZCZATWGP&lid=LSTSHTF7G3NZCZATWGP77LMBY&marketplace=FLIPKART&srno=s_4_134&otracker=search&otracker1=search&fm=organic&iid=en_UDlYiczsKxXthVqMZoIiL98DvCs2luLGsqXmq5hc5IwUM4WwZKHEqASJbaFAyItpXUoTG9weQSIxut%2BUcUxHYQ%3D%3D&ssid=bgs7oe19cg0000001580561290065&qH=514ca2b2d46ccf67,Ducati,"₹1,999",Men Solid Casual Shirt
134,40% off,₹599,/shopybucket-men-solid-party-white-shirt/p/itmf7am7tqk3kudp?pid=SHTF79QZZ4WHB3UN&lid=LSTSHTF79QZZ4WHB3UNW7NOFY&marketplace=FLIPKART&srno=s_4_135&otracker=search&otracker1=search&fm=organic&iid=6017cc0c-ccd6-4aa9-bd5b-d19211e71a13.SHTF79QZZ4WHB3UN.SEARCH&ssid=bgs7oe19cg0000001580561290065&qH=514ca2b2d46ccf67,ShopyBucket,₹999,Men Solid Party Shirt
135,66% off,₹534,/metronaut-men-solid-casual-white-shirt/p/itmfcuz7mkxkzrtx?pid=SHTFCUZYPPFDTYYE&lid=LSTSHTFCUZYPPFDTYYEWXQHWO&marketplace=FLIPKART&srno=s_4_136&otracker=search&otracker1=search&fm=organic&iid=a19e918b-c7ef-4df8-8426-95a504e856ce.SHTFCUZYPPFDTYYE.SEARCH&ssid=bgs7oe19cg0000001580561290065&qH=514ca2b2d46ccf67,Metronaut,"₹1,599",Men Solid Casual Spread Shirt
136,66% off,₹539,/trendz-mafatlal-men-printed-casual-blue-grey-shirt/p/itmfg4wnfmhfyunv?pid=SHTFG4MH5MWHQGYP&lid=LSTSHTFG4MH5MWHQGYPDKEKCP&marketplace=FLIPKART&srno=s_4_137&otracker=search&otracker1=search&fm=organic&iid=65287219-ac76-4a32-8888-466d7e6eca65.SHTFG4MH5MWHQGYP.SEARCH&ssid=bgs7oe19cg0000001580561290065&qH=514ca2b2d46ccf67,Trendz by Mafatlal,"₹1,599",Men Printed Casual Spread Shirt
137,62% off,₹566,/fubar-men-striped-casual-purple-shirt/p/itmfd7fqvvjgxvp2?pid=SHTFD6SZZVXYFGV8&lid=LSTSHTFD6SZZVXYFGV8SMPCM1&marketplace=FLIPKART&srno=s_4_138&otracker=search&otracker1=search&fm=organic&iid=d81fa241-7477-411d-ae00-538f4e9b139a.SHTFD6SZZVXYFGV8.SEARCH&ssid=bgs7oe19cg0000001580561290065&qH=514ca2b2d46ccf67,FUBAR,"₹1,499",Men Striped Casual Mandarin Shirt
138,62% off,₹379,/fabtag-deeksha-men-solid-casual-black-shirt/p/itmf4uvuqzcgxq8z?pid=SHTF4UT4GUFGXSYG&lid=LSTSHTF4UT4GUFGXSYG7VDAIH&marketplace=FLIPKART&srno=s_4_139&otracker=search&otracker1=search&fm=organic&iid=7dbdc797-2980-47e2-aec7-ae12099c7a25.SHTF4UT4GUFGXSYG.SEARCH&ssid=bgs7oe19cg0000001580561290065&qH=514ca2b2d46ccf67,FabTag - Deeksha,₹999,Men Solid Casual Button Down Shirt
139,67% off,₹461,/metronaut-men-striped-casual-dark-blue-shirt/p/itmfhffhtnc9hcrg?pid=SHTFHFFHZJYPFBGJ&lid=LSTSHTFHFFHZJYPFBGJE8NBTR&marketplace=FLIPKART&srno=s_4_140&otracker=search&otracker1=search&fm=organic&iid=en_UDlYiczsKxXthVqMZoIiL98DvCs2luLGsqXmq5hc5Iw%2BAwgAAzAozlI%2FEpX9TglRWCt%2FpqXf86zewMS2RISWmQ%3D%3D&ssid=bgs7oe19cg0000001580561290065&qH=514ca2b2d46ccf67,Metronaut,"₹1,399",Men Striped Casual Shirt
140,77% off,₹493,/duenite-men-floral-print-casual-light-green-shirt/p/itmd505669c2c780?pid=SHTFNV49GSRQMZ95&lid=LSTSHTFNV49GSRQMZ95JO7IT7&marketplace=FLIPKART&srno=s_4_141&otracker=search&otracker1=search&fm=organic&iid=d94f0e50-2afa-4bcf-a1fa-a742dcdbe102.SHTFNV49GSRQMZ95.SEARCH&ssid=bgs7oe19cg0000001580561290065&qH=514ca2b2d46ccf67,Duenite,"₹2,222",Men Floral Print Casual Shirt
141,79% off,₹398,/u-turn-men-solid-casual-blue-shirt/p/itm2beed27452555?pid=SHTFA9F68G3X8NUS&lid=LSTSHTFA9F68G3X8NUSXWLLGW&marketplace=FLIPKART&srno=s_4_142&otracker=search&otracker1=search&fm=organic&iid=ad82cf4f-522a-4fd1-807e-4e441b798ab4.SHTFA9F68G3X8NUS.SEARCH&ssid=bgs7oe19cg0000001580561290065&qH=514ca2b2d46ccf67,U TURN,"₹1,899",Men Solid Casual Mandarin Shirt
142,58% off,₹538,/nahiko-men-solid-casual-white-shirt/p/itmfdewy6q9rb3kz?pid=SHTFDDMZGJG5RHG6&lid=LSTSHTFDDMZGJG5RHG6YPNZIL&marketplace=FLIPKART&srno=s_4_143&otracker=search&otracker1=search&fm=organic&iid=97c41739-8f15-49dd-a246-8b94d019169e.SHTFDDMZGJG5RHG6.SEARCH&ssid=bgs7oe19cg0000001580561290065&qH=514ca2b2d46ccf67,Nahiko,"₹1,299",Men Solid Casual Mandarin Shirt
143,57% off,₹599,/metronaut-men-self-design-formal-grey-shirt/p/itmfh579c3nzuqwg?pid=SHTFH579N6R3JZ9Q&lid=LSTSHTFH579N6R3JZ9QPXDPK5&marketplace=FLIPKART&srno=s_4_144&otracker=search&otracker1=search&fm=organic&iid=en_UDlYiczsKxXthVqMZoIiL98DvCs2luLGsqXmq5hc5IxiJ%2FKwzVhAUUjOCuk8KXl8H25fRwnjsdOdEjdeUuaWVA%3D%3D&ssid=bgs7oe19cg0000001580561290065&qH=514ca2b2d46ccf67,Metronaut,"₹1,399",Men Self Design Formal Shirt
144,48% off,₹519,/highlander-men-solid-casual-blue-shirt/p/itmfdfd7xvuvqmmk?pid=SHTEHFZX9UFBY5FU&lid=LSTSHTEHFZX9UFBY5FUGVLNZ8&marketplace=FLIPKART&srno=s_4_145&otracker=search&otracker1=search&fm=organic&iid=961be226-3846-40eb-b1c8-26d7d4b0ed5b.SHTEHFZX9UFBY5FU.SEARCH&ssid=bgs7oe19cg0000001580561290065&qH=514ca2b2d46ccf67,Highlander,₹999,Men Solid Casual Mandarin Shirt
145,60% off,₹399,/try-men-solid-casual-maroon-blue-shirt/p/itmcedc114f6b365?pid=SHTFNRVMM4CSZHW4&lid=LSTSHTFNRVMM4CSZHW4KVBR2S&marketplace=FLIPKART&srno=s_4_146&otracker=search&otracker1=search&fm=organic&iid=2ebbd83f-3e32-4481-818d-4263db943bce.SHTFNRVMM4CSZHW4.SEARCH&ssid=bgs7oe19cg0000001580561290065&qH=514ca2b2d46ccf67,Try This,₹999,Men Solid Casual Shirt
146,72% off,₹432,/base-41-men-checkered-casual-blue-shirt/p/itmfg349zfatp4nw?pid=SHTFGFAH9FEZFBHC&lid=LSTSHTFGFAH9FEZFBHCOWCRUU&marketplace=FLIPKART&srno=s_4_147&otracker=search&otracker1=search&fm=organic&iid=a4a2d9f6-bc9d-4c3f-836d-1047034815aa.SHTFGFAH9FEZFBHC.SEARCH&ssid=bgs7oe19cg0000001580561290065&qH=514ca2b2d46ccf67,BASE 41,"₹1,599",Men Checkered Casual Spread Shirt
147,73% off,₹404,/selvia-women-animal-print-printed-casual-brown-shirt/p/itmda47149b667c7?pid=SHTFMHXGMAWY3N6G&lid=LSTSHTFMHXGMAWY3N6GC0YGN0&marketplace=FLIPKART&srno=s_4_148&otracker=search&otracker1=search&fm=organic&iid=a47c216b-ac48-4d3b-a935-60d5dc58a34e.SHTFMHXGMAWY3N6G.SEARCH&ssid=bgs7oe19cg0000001580561290065&qH=514ca2b2d46ccf67,Selvia,"₹1,497","Women Animal Print, Printed Casual Slim Shirt"
148,75% off,₹599,/red-tape-men-polka-print-casual-blue-shirt/p/itm010c9a5afc9a2?pid=SHTFKZURFARGGHYF&lid=LSTSHTFKZURFARGGHYFPX72QH&marketplace=FLIPKART&srno=s_4_149&otracker=search&otracker1=search&fm=organic&iid=66a9ccd1-8524-4138-be29-ba127d295e6a.SHTFKZURFARGGHYF.SEARCH&ssid=bgs7oe19cg0000001580561290065&qH=514ca2b2d46ccf67,Red Tape,"₹2,399",Men Polka Print Casual Button Down Shirt
149,67% off,₹461,/metronaut-men-solid-formal-maroon-shirt/p/itmfh579nzsbehx8?pid=SHTFH579YCVFXX3R&lid=LSTSHTFH579YCVFXX3RYLOYS3&marketplace=FLIPKART&srno=s_4_150&otracker=search&otracker1=search&fm=organic&iid=en_UDlYiczsKxXthVqMZoIiL98DvCs2luLGsqXmq5hc5Ix2lRYpZ%2BP0YGP2obgxjKiVfTD6IrqPtkTAgWhKHIsqsQ%3D%3D&ssid=bgs7oe19cg0000001580561290065&qH=514ca2b2d46ccf67,Metronaut,"₹1,399",Men Solid Formal Spread Shirt
150,60% off,₹519,/roadster-men-checkered-casual-brown-shirt/p/itm5687cb8b8850a?pid=SHTFKKC6CBR3ACEB&lid=LSTSHTFKKC6CBR3ACEBC0KGA6&marketplace=FLIPKART&srno=s_4_151&otracker=search&otracker1=search&fm=organic&iid=99e4aefd-b94c-4561-a87c-5a26dfe8a340.SHTFKKC6CBR3ACEB.SEARCH&ssid=bgs7oe19cg0000001580561290065&qH=514ca2b2d46ccf67,Roadster,"₹1,299",Men Checkered Casual Spread Shirt
151,41% off,₹294,/oglivay-men-striped-casual-red-white-shirt/p/itm03f33b3a67f4c?pid=SHTFKVXG6FKAZWU5&lid=LSTSHTFKVXG6FKAZWU5TO4TLR&marketplace=FLIPKART&srno=s_4_152&otracker=search&otracker1=search&fm=organic&iid=1181691b-8b05-41d7-913b-370115bc2134.SHTFKVXG6FKAZWU5.SEARCH&ssid=bgs7oe19cg0000001580561290065&qH=514ca2b2d46ccf67,Oglivay,₹499,Men Striped Casual Spread Shirt
152,79% off,₹398,/u-turn-men-solid-casual-blue-shirt/p/itmfa9g6hhyprray?pid=SHTFA9F6XYNGM65Z&lid=LSTSHTFA9F6XYNGM65ZRHE7QZ&marketplace=FLIPKART&srno=s_4_153&otracker=search&otracker1=search&fm=organic&iid=977745e0-df08-436c-be08-1fa399ee6960.SHTFA9F6XYNGM65Z.SEARCH&ssid=bgs7oe19cg0000001580561290065&qH=514ca2b2d46ccf67,U TURN,"₹1,899",Men Solid Casual Mandarin Shirt
153,67% off,₹428,/metronaut-men-striped-formal-black-shirt/p/itmfh5b4tykx64yz?pid=SHTFH5GKNEQVU54G&lid=LSTSHTFH5GKNEQVU54GWHTQZT&marketplace=FLIPKART&srno=s_4_154&otracker=search&otracker1=search&fm=organic&iid=en_UDlYiczsKxXthVqMZoIiL98DvCs2luLGsqXmq5hc5Ix52xlLiXONkM0%2F2KOMQOmviRQJ1FT3stjZUi6kCrLraA%3D%3D&ssid=bgs7oe19cg0000001580561290065&qH=514ca2b2d46ccf67,Metronaut,"₹1,299",Men Striped Formal Spread Shirt
154,60% off,₹519,/roadster-men-checkered-casual-dark-green-shirt/p/itm931121a91056b?pid=SHTFKKC7SFJG6GAG&lid=LSTSHTFKKC7SFJG6GAG2DZ1FY&marketplace=FLIPKART&srno=s_4_155&otracker=search&otracker1=search&fm=organic&iid=9245713b-c29d-4ae5-8ded-22571f855e06.SHTFKKC7SFJG6GAG.SEARCH&ssid=bgs7oe19cg0000001580561290065&qH=514ca2b2d46ccf67,Roadster,"₹1,299",Men Checkered Casual Spread Shirt
155,64% off,₹460,/nahiko-men-colorblocked-casual-pink-shirt/p/itmfbzemana9vpzk?pid=SHTFBYUAZE9YHCEG&lid=LSTSHTFBYUAZE9YHCEGNJZPHU&marketplace=FLIPKART&srno=s_4_156&otracker=search&otracker1=search&fm=organic&iid=f9848b4b-de98-4bba-98d0-dd86682dafe2.SHTFBYUAZE9YHCEG.SEARCH&ssid=bgs7oe19cg0000001580561290065&qH=514ca2b2d46ccf67,Nahiko,"₹1,299",Men Colorblocked Casual Button Down Shirt
156,53% off,₹657,/highlander-men-solid-casual-dark-blue-shirt/p/itmf9fugazughv9z?pid=SHTF9FUGKXTZGGRA&lid=LSTSHTF9FUGKXTZGGRAHEVZRV&marketplace=FLIPKART&srno=s_4_157&otracker=search&otracker1=search&fm=organic&iid=17f1220e-aac7-4d61-b478-33d1438a2ad2.SHTF9FUGKXTZGGRA.SEARCH&ssid=bgs7oe19cg0000001580561290065&qH=514ca2b2d46ccf67,Highlander,"₹1,399",Men Solid Casual Button Down Shirt
157,60% off,₹519,/roadster-men-checkered-casual-grey-shirt/p/itmcfc71de30b7a4?pid=SHTFKKC7BJMTC8DB&lid=LSTSHTFKKC7BJMTC8DBIETX7J&marketplace=FLIPKART&srno=s_4_158&otracker=search&otracker1=search&fm=organic&iid=389c9ef1-7746-4a54-a7a7-1d0d9bd7596b.SHTFKKC7BJMTC8DB.SEARCH&ssid=bgs7oe19cg0000001580561290065&qH=514ca2b2d46ccf67,Roadster,"₹1,299",Men Checkered Casual Spread Shirt
158,47% off,₹679,/dennis-lingo-men-checkered-casual-blue-yellow-shirt/p/itmf3x95g9ghfdzr?pid=SHTFFHNWWRD2XHEY&lid=LSTSHTFFHNWWRD2XHEYMFHD6L&marketplace=FLIPKART&srno=s_4_159&otracker=search&otracker1=search&fm=organic&iid=7f868af3-bddb-4faa-91ca-ec31c5e637bc.SHTFFHNWWRD2XHEY.SEARCH&ssid=bgs7oe19cg0000001580561290065&qH=514ca2b2d46ccf67,Dennis Lingo,"₹1,299",Men Checkered Casual Slim Shirt
159,57% off,₹558,/metronaut-men-solid-formal-white-shirt/p/itmfdpvpyfas6tk9?pid=SHTFDPVPZXEZ6EZU&lid=LSTSHTFDPVPZXEZ6EZULWXUTO&marketplace=FLIPKART&srno=s_4_160&otracker=search&otracker1=search&fm=organic&iid=en_UDlYiczsKxXthVqMZoIiL98DvCs2luLGsqXmq5hc5Iwmo4lXQMzQIDa%2FjfQ8N4RYg%2FzEWgCb6iPsyqWI7MSCeQ%3D%3D&ssid=bgs7oe19cg0000001580561290065&qH=514ca2b2d46ccf67,Metronaut,"₹1,299",Men Solid Formal Spread Shirt
